Workbook
Name Class: '4_Gestalt_Engine'!$N$7:$N$11
Name Investigator: '4_Gestalt_Engine'!$W$7:$W$12

Sheet Start_Here
A1: Excel Systems Design: TTRPG Logic Showcase
A3: 1. Data Integrity
A4: 2. Rules Engine
A5: 3. Financial Model
A6: 4. Gestalt Engine
A7: 5. Boolean Logic

Sheet 1_Data_Integrity
G1: Reference Table
A2: Total Character Level | B2: Class Name | C2: Class Level | D2: Class Attack Bonus | G2: Class | H2: Level | I2: Attack Bonus | K2: Legend
A3: 1 | B3: Fighter | C3: 1 | D3: {=_xlfn.IFNA(_xlfn.XLOOKUP($B3&"/"&$C3,$G$3:$G$14&"/"&$H$3:$H$14,$I$3:$I$14,,0,1),"")} -> 1 | G3: Fighter | H3: 1 | I3: 1 | K3: User Input
A4: 2 | B4: Wizard | C4: 1 | D4: {=_xlfn.IFNA(_xlfn.XLOOKUP($B4&"/"&$C4,$G$3:$G$14&"/"&$H$3:$H$14,$I$3:$I$14,,0,1),"")} -> 0 | G4: Fighter | H4: 2 | I4: 2 | K4: Calculated Output
A5: 3 | B5: Wizard | C5: 2 | D5: {=_xlfn.IFNA(_xlfn.XLOOKUP($B5&"/"&$C5,$G$3:$G$14&"/"&$H$3:$H$14,$I$3:$I$14,,0,1),"")} -> 1 | G5: Fighter | H5: 3 | I5: 3
A6: 4 | B6: Fighter | C6: 2 | D6: {=_xlfn.IFNA(_xlfn.XLOOKUP($B6&"/"&$C6,$G$3:$G$14&"/"&$H$3:$H$14,$I$3:$I$14,,0,1),"")} -> 2 | G6: Fighter | H6: 4 | I6: 4
A7: 5 | B7: Wizard | C7: 3 | D7: {=_xlfn.IFNA(_xlfn.XLOOKUP($B7&"/"&$C7,$G$3:$G$14&"/"&$H$3:$H$14,$I$3:$I$14,,0,1),"")} -> 1 | G7: Rogue | H7: 1 | I7: 0
A8: 6 | B8: Fighter | C8: 3 | D8: {=_xlfn.IFNA(_xlfn.XLOOKUP($B8&"/"&$C8,$G$3:$G$14&"/"&$H$3:$H$14,$I$3:$I$14,,0,1),"")} -> 3 | G8: Rogue | H8: 2 | I8: 1
A9: 7 | B9: Fighter | C9: 4 | D9: {=_xlfn.IFNA(_xlfn.XLOOKUP($B9&"/"&$C9,$G$3:$G$14&"/"&$H$3:$H$14,$I$3:$I$14,,0,1),"")} -> 4 | G9: Rogue | H9: 3 | I9: 2
A10: 8 | B10: Wizard | C10: 4 | D10: {=_xlfn.IFNA(_xlfn.XLOOKUP($B10&"/"&$C10,$G$3:$G$14&"/"&$H$3:$H$14,$I$3:$I$14,,0,1),"")} -> 2 | G10: Rogue | H10: 4 | I10: 3
A11: 9 | D11: {=_xlfn.IFNA(_xlfn.XLOOKUP($B11&"/"&$C11,$G$3:$G$14&"/"&$H$3:$H$14,$I$3:$I$14,,0,1),"")} | G11: Wizard | H11: 1 | I11: 0
A12: 10 | D12: {=_xlfn.IFNA(_xlfn.XLOOKUP($B12&"/"&$C12,$G$3:$G$14&"/"&$H$3:$H$14,$I$3:$I$14,,0,1),"")} | G12: Wizard | H12: 2 | I12: 1
A13: 11 | D13: {=_xlfn.IFNA(_xlfn.XLOOKUP($B13&"/"&$C13,$G$3:$G$14&"/"&$H$3:$H$14,$I$3:$I$14,,0,1),"")} | G13: Wizard | H13: 3 | I13: 1
A14: 12 | D14: {=_xlfn.IFNA(_xlfn.XLOOKUP($B14&"/"&$C14,$G$3:$G$14&"/"&$H$3:$H$14,$I$3:$I$14,,0,1),"")} | G14: Wizard | H14: 4 | I14: 2
B15: Total Attack Bonus | D15: {=_xlfn.CONCAT("+ ",_xlfn.SINGLE(_xlfn.LET(_xlpm.u,_xlfn.UNIQUE($B$3:$B$14),_xlpm.m,_xlfn.MAXIFS($C$3:$C$14,$B$3:$B$14,_xlpm.u),SUM(_xlfn.MAXIFS(D$3:D$14,$B$3:$B$14,_xlpm.u,$C$3:$C$14,_xlpm.m)))))} -> + 6

Sheet 2_Rules_Engine
B2: ATTR | C2: ABILITY SCORE | D2: ABILITY MOD | F2: Bonus Feats | G2: Feats | J2: Legend
B3: STR | C3: 10 | D3: =ROUNDDOWN(($C3-10)/2,0) -> 0 | G3: Weapon Finesse | J3: User Input
B4: DEX | C4: 20 | D4: =ROUNDDOWN(($C4-10)/2,0) -> 5 | J4: Calculated Output
B5: CON | D5: =ROUNDDOWN(($C5-10)/2,0) -> -5
B6: INT | D6: =ROUNDDOWN(($C6-10)/2,0) -> -5
B7: WIS | D7: =ROUNDDOWN(($C7-10)/2,0) -> -5
B8: CHA | D8: =ROUNDDOWN(($C8-10)/2,0) -> -5
B10: Melee | C10: =CONCATENATE("+",SUM(_xlfn.NUMBERVALUE('1_Data_Integrity'!D15),$D$3)) -> +6
B11: Ranged | C11: =CONCATENATE("+",SUM(_xlfn.NUMBERVALUE('1_Data_Integrity'!D15),$D$4)) -> +11
B14: TYPE | C14: Attack Bonus
B15: Light | C15: =IF(OR($B15="Ranged",AND(COUNTIF($F$3:$G$5,"*"&"Weapon Finesse"&"*"),$B15="Light")),$C$11,$C$10) -> +11

Sheet 3_Financial_Model
B2: Purchase DC | C2: Average | F2: Purchase Price | G2: Purchase DC | J2: Legend
B3: 23 | C3: =MROUND(_xlfn.XLOOKUP($B$3,$K$15:$K$94,$N$15:$N$94,""),5) -> 5750 | F3: 5500 | G3: =_xlfn.IFNA(IF($F$3<>"",LOOKUP($F$3,$L$15:$M$94,$K$15:$K$94),""),"") -> 23 | J3: User Input
B14: Purchase DC | K14: Purchase DC | L14: Low | M14: High | N14: Average
B15: 1 | C15: $1-$5 | D15: 21 | E15: $2,751-$3.5K | F15: 41 | G15: $900k-$1.2M | H15: 61 | I15: $275M-$350M | K15: 1 | L15: 1 | M15: 5 | N15: =AVERAGE($L15:$M15) -> 3
B16: 2 | C16: $6-$12 | D16: 22 | E16: $3.5K-$5k | F16: 42 | G16: $1.2M-$1.5M | H16: 62 | I16: $350M-$500M | K16: 2 | L16: 6 | M16: 12 | N16: =AVERAGE($L16:$M16) -> 9
B17: 3 | C17: $13-$20 | D17: 23 | E17: $5k-$6.5K | F17: 43 | G17: $1.5M-$2M | H17: 63 | I17: $500M-$650M | K17: 3 | L17: 13 | M17: 20 | N17: =AVERAGE($L17:$M17) -> 16.5
B18: 4 | C18: $21-$30 | D18: 24 | E18: $6.5K-$9k | F18: 44 | G18: $2M-$2.75M | H18: 64 | I18: $650M-$900M | K18: 4 | L18: 21 | M18: 30 | N18: =AVERAGE($L18:$M18) -> 25.5
B19: 5 | C19: $31-$40 | D19: 25 | E19: $9k-$12k | F19: 45 | G19: $2.75M-$3.5M | H19: 65 | I19: $900M-$1.2B | K19: 5 | L19: 31 | M19: 40 | N19: =AVERAGE($L19:$M19) -> 35.5
B20: 6 | C20: $41-$55 | D20: 26 | E20: $12k-$15k | F20: 46 | G20: $3.5M-$5M | H20: 66 | I20: $1.2B-$1.5B | K20: 6 | L20: 41 | M20: 55 | N20: =AVERAGE($L20:$M20) -> 48
B21: 7 | C21: $56-$70 | D21: 27 | E21: $15k-$20k | F21: 47 | G21: $5M-$6.5M | H21: 67 | I21: $1.5B-$2B | K21: 7 | L21: 56 | M21: 70 | N21: =AVERAGE($L21:$M21) -> 63
B22: 8 | C22: $71-$90 | D22: 28 | E22: $20k-$27.5K | F22: 48 | G22: $6.5M-$9M | H22: 68 | I22: $2B-$2.75B | K22: 8 | L22: 71 | M22: 90 | N22: =AVERAGE($L22:$M22) -> 80.5
B23: 9 | C23: $91-$120 | D23: 29 | E23: $27.5K-$35k | F23: 49 | G23: $9M-$12M | H23: 69 | I23: $2.75B-$3.5B | K23: 9 | L23: 91 | M23: =$L24-1 -> 120 | N23: =AVERAGE($L23:$M23) -> 105.5
B24: 10 | C24: $121-$150 | D24: 30 | E24: $35k-$50k | F24: 50 | G24: $12M-$15M | H24: 70 | I24: $3.5B-$5B | K24: 10 | L24: 121 | M24: =$L25-1 -> 150 | N24: =AVERAGE($L24:$M24) -> 135.5
B25: 11 | C25: $151-$200 | D25: 31 | E25: $50k-$65k | F25: 51 | G25: $15M-$20M | H25: 71 | I25: $5B-$6.5B | K25: 11 | L25: 151 | M25: =$L26-1 -> 200 | N25: =AVERAGE($L25:$M25) -> 175.5
B26: 12 | C26: $201-$275 | D26: 32 | E26: $65k-$90k | F26: 52 | G26: $20M-$27.5M | H26: 72 | I26: $6.5B-$9B | K26: 12 | L26: 201 | M26: =$L27-1 -> 275 | N26: =AVERAGE($L26:$M26) -> 238
B27: 13 | C27: $276-$350 | D27: 33 | E27: $90k-$120k | F27: 53 | G27: $27.5M-$35M | H27: 73 | I27: $9B-$12B | K27: 13 | L27: 276 | M27: =$L28-1 -> 350 | N27: =AVERAGE($L27:$M27) -> 313
B28: 14 | C28: $351-$500 | D28: 34 | E28: $120k-$150k | F28: 54 | G28: $35M-$50M | H28: 74 | I28: $12B-$15B | K28: 14 | L28: 351 | M28: =$L29-1 -> 500 | N28: =AVERAGE($L28:$M28) -> 425.5
B29: 15 | C29: $501-$650 | D29: 35 | E29: $150k-$200k | F29: 55 | G29: $50M-$65M | H29: 75 | I29: $15B-$20B | K29: 15 | L29: 501 | M29: =$L30-1 -> 650 | N29: =AVERAGE($L29:$M29) -> 575.5
B30: 16 | C30: $651-$900 | D30: 36 | E30: $200k-$275k | F30: 56 | G30: $65M-$90M | H30: 76 | I30: $20B-$27.5B | K30: 16 | L30: 651 | M30: =$L31-1 -> 900 | N30: =AVERAGE($L30:$M30) -> 775.5
B31: 17 | C31: $901-$1,200 | D31: 37 | E31: $275k-$350k | F31: 57 | G31: $90M-$120M | H31: 77 | I31: $27.5B-$35B | K31: 17 | L31: 901 | M31: =$L32-1 -> 1200 | N31: =AVERAGE($L31:$M31) -> 1050.5
B32: 18 | C32: $1,201-$1,500 | D32: 38 | E32: $350k-$500k | F32: 58 | G32: $120M-$150M | H32: 78 | I32: $35B-$50B | K32: 18 | L32: 1201 | M32: =$L33-1 -> 1500 | N32: =AVERAGE($L32:$M32) -> 1350.5
B33: 19 | C33: $1,501-$2,000 | D33: 39 | E33: $500k-$650k | F33: 59 | G33: $150M-$200M | H33: 79 | I33: $50B-$65B | K33: 19 | L33: 1501 | M33: =$L34-1 -> 2000 | N33: =AVERAGE($L33:$M33) -> 1750.5
B34: 20 | C34: $2,001-$2,750 | D34: 40 | E34: $650k-$900k | F34: 60 | G34: $200M-$275M | H34: 80 | I34: $65B-$90B | K34: 20 | L34: 2001 | M34: =$L35-1 -> 2750 | N34: =AVERAGE($L34:$M34) -> 2375.5
K35: 21 | L35: 2751 | M35: =$L36-1 -> 3500 | N35: =AVERAGE($L35:$M35) -> 3125.5
K36: 22 | L36: 3501 | M36: =$L37-1 -> 5000 | N36: =AVERAGE($L36:$M36) -> 4250.5
K37: 23 | L37: 5001 | M37: =$L38-1 -> 6500 | N37: =AVERAGE($L37:$M37) -> 5750.5
K38: 24 | L38: 6501 | M38: =$L39-1 -> 9000 | N38: =AVERAGE($L38:$M38) -> 7750.5
K39: 25 | L39: 9001 | M39: =$L40-1 -> 12000 | N39: =AVERAGE($L39:$M39) -> 10500.5
K40: 26 | L40: 12001 | M40: =$L41-1 -> 15000 | N40: =AVERAGE($L40:$M40) -> 13500.5
K41: 27 | L41: 15001 | M41: =$L42-1 -> 20000 | N41: =AVERAGE($L41:$M41) -> 17500.5
K42: 28 | L42: 20001 | M42: =$L43-1 -> 27500 | N42: =AVERAGE($L42:$M42) -> 23750.5
K43: 29 | L43: 27501 | M43: =$L44-1 -> 35000 | N43: =AVERAGE($L43:$M43) -> 31250.5
K44: 30 | L44: 35001 | M44: =$L45-1 -> 50000 | N44: =AVERAGE($L44:$M44) -> 42500.5
K45: 31 | L45: 50001 | M45: =$L46-1 -> 65000 | N45: =AVERAGE($L45:$M45) -> 57500.5
K46: 32 | L46: 65001 | M46: =$L47-1 -> 90000 | N46: =AVERAGE($L46:$M46) -> 77500.5
... K93: 79 | L93: 50000000001 | M93: =$L94-1 -> 65000000000 | N93: =AVERAGE($L93:$M93) -> 5.75e+10
K94: 80 | L94: 65000000001 | M94: 90000000000 | N94: =AVERAGE($L94:$M94) -> 7.75e+10

Sheet 4_Gestalt_Engine
D2: Legend
D3: User Input
D4: Calculated Output
A6: Total Character Level | B6: Class #1 | C6: Class #1 Level | D6: Class #1 Archetype | E6: Class #2 | F6: Class #2 Level | G6: Class #2 Archetype | H6: Class Abilities | I6: BAB | J6: Fort Save | K6: Ref Save | L6: Will Save | O6: Class | P6: Level | Q6: BAB | R6: Fort Save | S6: Ref Save | T6: Will Save | U6: Class Ability | X6: Archetype | Y6: Level | Z6: Special | AC6: Level | AD6: Class #1 Abilities | AE6: Class #2 Abilities | AF6: BAB #1 | AG6: Fort #1 | AH6: Ref #1 | AI6: Will #1 | AJ6: BAB #2 | AK6: Fort #2 | AL6: Ref #2 | AM6: Will #2
A7: 1 | B7: Investigator | C7: 1 | D7: Natural Philosopher | E7: Ranger | F7: 1 | H7: =_xlfn.IFNA(IF(AND($B7<>"",$E7<>""),_xlfn.CONCAT($AD7," || ",$AE7),$AD7),"") -> Alchemy, Natural Philosopher's Inspiration, Track || 1st Favored Enemy, Track, Wild Empathy | I7: =_xlfn.IFNA(IF($H7<>"",MAX($AF7,$AJ7),""),"") -> 1 | J7: =_xlfn.IFNA(IF($H7<>"",MAX($AG7,$AK7),""),"") -> 2 | K7: =_xlfn.IFNA(IF($H7<>"",MAX($AH7,$AL7),""),"") -> 2 | L7: =_xlfn.IFNA(IF($H7<>"",MAX($AI7,$AM7),""),"") -> 2 | N7: Barbarian | O7: Barbarian | P7: 1 | Q7: 1 | R7: 2 | S7: 0 | T7: 0 | U7: Fast Movement, Rage | W7: Bonded Investigator | X7: Bonded Investigator | Y7: 1 | Z7: Alchemy, Inspiration, Trapfinding | AC7: 1 | AD7: {=IF(AND($B7="Investigator",$D7<>""),_xlfn.XLOOKUP($D7&"/"&$C7,$X$7:$X$36&"/"&$Y$7:$Y$36,$Z$7:$Z$36,""),_xlfn.XLOOKUP($B7&"/"&$C7,$O$7:$O$31&"/"&$P$7:$P$31,$U$7:$U$31,""))} -> Alchemy, Natural Philosopher's Inspiration, Track | AE7: {=IF(AND($E7="Investigator",$G7<>""),_xlfn.XLOOKUP($G7&"/"&$F7,$X$7:$X$36&"/"&$Y$7:$Y$36,$Z$7:$Z$36,""),_xlfn.XLOOKUP($E7&"/"&$F7,$O$7:$O$31&"/"&$P$7:$P$31,$U$7:$U$31,""))} -> 1st Favored Enemy, Track, Wild Empathy | AF7: {=_xlfn.XLOOKUP($B7&"/"&$C7,$O$7:$O$31&"/"&$P$7:$P$31,$Q$7:$Q$31,"")} -> 0 | AG7: {=_xlfn.XLOOKUP($B7&"/"&$C7,$O$7:$O$31&"/"&$P$7:$P$31,$R$7:$R$31,"")} -> 0 | AH7: {=_xlfn.XLOOKUP($B7&"/"&$C7,$O$7:$O$31&"/"&$P$7:$P$31,$S$7:$S$31,"")} -> 2 | AI7: {=_xlfn.XLOOKUP($B7&"/"&$C7,$O$7:$O$31&"/"&$P$7:$P$31,$T$7:$T$31,"")} -> 2 | AJ7: {=_xlfn.XLOOKUP($E7&"/"&$F7,$O$7:$O$31&"/"&$P$7:$P$31,$Q$7:$Q$31,"")} -> 1 | AK7: {=_xlfn.XLOOKUP($E7&"/"&$F7,$O$7:$O$31&"/"&$P$7:$P$31,$R$7:$R$31,"")} -> 2 | AL7: {=_xlfn.XLOOKUP($E7&"/"&$F7,$O$7:$O$31&"/"&$P$7:$P$31,$S$7:$S$31,"")} -> 2 | AM7: {=_xlfn.XLOOKUP($E7&"/"&$F7,$O$7:$O$31&"/"&$P$7:$P$31,$T$7:$T$31,"")} -> 0
A8: 2 | H8: =_xlfn.IFNA(IF(AND($B8<>"",$E8<>""),_xlfn.CONCAT($AD8," || ",$AE8),$AD8),"") | I8: =_xlfn.IFNA(IF($H8<>"",MAX($AF8,$AJ8),""),"") | J8: =_xlfn.IFNA(IF($H8<>"",MAX($AG8,$AK8),""),"") | K8: =_xlfn.IFNA(IF($H8<>"",MAX($AH8,$AL8),""),"") | L8: =_xlfn.IFNA(IF($H8<>"",MAX($AI8,$AM8),""),"") | N8: Investigator | O8: Barbarian | P8: 2 | Q8: 2 | R8: 3 | S8: 0 | T8: 0 | U8: Rage Power, Uncanny Dodge | W8: Empiricist | X8: Bonded Investigator | Y8: 2 | Z8: Familiar | AC8: 2 | AD8: {=IF(AND($B8="Investigator",$D8<>""),_xlfn.XLOOKUP($D8&"/"&$C8,$X$7:$X$36&"/"&$Y$7:$Y$36,$Z$7:$Z$36,""),_xlfn.XLOOKUP($B8&"/"&$C8,$O$7:$O$31&"/"&$P$7:$P$31,$U$7:$U$31,""))} | AE8: {=IF(AND($E8="Investigator",$G8<>""),_xlfn.XLOOKUP($G8&"/"&$F8,$X$7:$X$36&"/"&$Y$7:$Y$36,$Z$7:$Z$36,""),_xlfn.XLOOKUP($E8&"/"&$F8,$O$7:$O$31&"/"&$P$7:$P$31,$U$7:$U$31,""))} | AF8: {=_xlfn.XLOOKUP($B8&"/"&$C8,$O$7:$O$31&"/"&$P$7:$P$31,$Q$7:$Q$31,"")} | AG8: {=_xlfn.XLOOKUP($B8&"/"&$C8,$O$7:$O$31&"/"&$P$7:$P$31,$R$7:$R$31,"")} | AH8: {=_xlfn.XLOOKUP($B8&"/"&$C8,$O$7:$O$31&"/"&$P$7:$P$31,$S$7:$S$31,"")} | AI8: {=_xlfn.XLOOKUP($B8&"/"&$C8,$O$7:$O$31&"/"&$P$7:$P$31,$T$7:$T$31,"")} | AJ8: {=_xlfn.XLOOKUP($E8&"/"&$F8,$O$7:$O$31&"/"&$P$7:$P$31,$Q$7:$Q$31,"")} | AK8: {=_xlfn.XLOOKUP($E8&"/"&$F8,$O$7:$O$31&"/"&$P$7:$P$31,$R$7:$R$31,"")} | AL8: {=_xlfn.XLOOKUP($E8&"/"&$F8,$O$7:$O$31&"/"&$P$7:$P$31,$S$7:$S$31,"")} | AM8: {=_xlfn.XLOOKUP($E8&"/"&$F8,$O$7:$O$31&"/"&$P$7:$P$31,$T$7:$T$31,"")}
A9: 3 | H9: =_xlfn.IFNA(IF(AND($B9<>"",$E9<>""),_xlfn.CONCAT($AD9," || ",$AE9),$AD9),"") | I9: =_xlfn.IFNA(IF($H9<>"",MAX($AF9,$AJ9),""),"") | J9: =_xlfn.IFNA(IF($H9<>"",MAX($AG9,$AK9),""),"") | K9: =_xlfn.IFNA(IF($H9<>"",MAX($AH9,$AL9),""),"") | L9: =_xlfn.IFNA(IF($H9<>"",MAX($AI9,$AM9),""),"") | N9: Monk | O9: Barbarian | P9: 3 | Q9: 3 | R9: 3 | S9: 1 | T9: 1 | U9: Danger Sense +1 | W9: Natural Philosopher | X9: Bonded Investigator | Y9: 3 | Z9: Investigator Talent, Keen Recollection, Trap Sense +1 | AC9: 3 | AD9: {=IF(AND($B9="Investigator",$D9<>""),_xlfn.XLOOKUP($D9&"/"&$C9,$X$7:$X$36&"/"&$Y$7:$Y$36,$Z$7:$Z$36,""),_xlfn.XLOOKUP($B9&"/"&$C9,$O$7:$O$31&"/"&$P$7:$P$31,$U$7:$U$31,""))} | AE9: {=IF(AND($E9="Investigator",$G9<>""),_xlfn.XLOOKUP($G9&"/"&$F9,$X$7:$X$36&"/"&$Y$7:$Y$36,$Z$7:$Z$36,""),_xlfn.XLOOKUP($E9&"/"&$F9,$O$7:$O$31&"/"&$P$7:$P$31,$U$7:$U$31,""))} | AF9: {=_xlfn.XLOOKUP($B9&"/"&$C9,$O$7:$O$31&"/"&$P$7:$P$31,$Q$7:$Q$31,"")} | AG9: {=_xlfn.XLOOKUP($B9&"/"&$C9,$O$7:$O$31&"/"&$P$7:$P$31,$R$7:$R$31,"")} | AH9: {=_xlfn.XLOOKUP($B9&"/"&$C9,$O$7:$O$31&"/"&$P$7:$P$31,$S$7:$S$31,"")} | AI9: {=_xlfn.XLOOKUP($B9&"/"&$C9,$O$7:$O$31&"/"&$P$7:$P$31,$T$7:$T$31,"")} | AJ9: {=_xlfn.XLOOKUP($E9&"/"&$F9,$O$7:$O$31&"/"&$P$7:$P$31,$Q$7:$Q$31,"")} | AK9: {=_xlfn.XLOOKUP($E9&"/"&$F9,$O$7:$O$31&"/"&$P$7:$P$31,$R$7:$R$31,"")} | AL9: {=_xlfn.XLOOKUP($E9&"/"&$F9,$O$7:$O$31&"/"&$P$7:$P$31,$S$7:$S$31,"")} | AM9: {=_xlfn.XLOOKUP($E9&"/"&$F9,$O$7:$O$31&"/"&$P$7:$P$31,$T$7:$T$31,"")}
A10: 4 | H10: =_xlfn.IFNA(IF(AND($B10<>"",$E10<>""),_xlfn.CONCAT($AD10," || ",$AE10),$AD10),"") | I10: =_xlfn.IFNA(IF($H10<>"",MAX($AF10,$AJ10),""),"") | J10: =_xlfn.IFNA(IF($H10<>"",MAX($AG10,$AK10),""),"") | K10: =_xlfn.IFNA(IF($H10<>"",MAX($AH10,$AL10),""),"") | L10: =_xlfn.IFNA(IF($H10<>"",MAX($AI10,$AM10),""),"") | N10: Ranger | O10: Barbarian | P10: 4 | Q10: 4 | R10: 4 | S10: 1 | T10: 1 | U10: Rage Power | W10: Psychic Detective | X10: Bonded Investigator | Y10: 4 | Z10: Inspired Familiar, Studied Combat, Swift Alchemy | AC10: 4 | AD10: {=IF(AND($B10="Investigator",$D10<>""),_xlfn.XLOOKUP($D10&"/"&$C10,$X$7:$X$36&"/"&$Y$7:$Y$36,$Z$7:$Z$36,""),_xlfn.XLOOKUP($B10&"/"&$C10,$O$7:$O$31&"/"&$P$7:$P$31,$U$7:$U$31,""))} | AE10: {=IF(AND($E10="Investigator",$G10<>""),_xlfn.XLOOKUP($G10&"/"&$F10,$X$7:$X$36&"/"&$Y$7:$Y$36,$Z$7:$Z$36,""),_xlfn.XLOOKUP($E10&"/"&$F10,$O$7:$O$31&"/"&$P$7:$P$31,$U$7:$U$31,""))} | AF10: {=_xlfn.XLOOKUP($B10&"/"&$C10,$O$7:$O$31&"/"&$P$7:$P$31,$Q$7:$Q$31,"")} | AG10: {=_xlfn.XLOOKUP($B10&"/"&$C10,$O$7:$O$31&"/"&$P$7:$P$31,$R$7:$R$31,"")} | AH10: {=_xlfn.XLOOKUP($B10&"/"&$C10,$O$7:$O$31&"/"&$P$7:$P$31,$S$7:$S$31,"")} | AI10: {=_xlfn.XLOOKUP($B10&"/"&$C10,$O$7:$O$31&"/"&$P$7:$P$31,$T$7:$T$31,"")} | AJ10: {=_xlfn.XLOOKUP($E10&"/"&$F10,$O$7:$O$31&"/"&$P$7:$P$31,$Q$7:$Q$31,"")} | AK10: {=_xlfn.XLOOKUP($E10&"/"&$F10,$O$7:$O$31&"/"&$P$7:$P$31,$R$7:$R$31,"")} | AL10: {=_xlfn.XLOOKUP($E10&"/"&$F10,$O$7:$O$31&"/"&$P$7:$P$31,$S$7:$S$31,"")} | AM10: {=_xlfn.XLOOKUP($E10&"/"&$F10,$O$7:$O$31&"/"&$P$7:$P$31,$T$7:$T$31,"")}
A11: 5 | H11: =_xlfn.IFNA(IF(AND($B11<>"",$E11<>""),_xlfn.CONCAT($AD11," || ",$AE11),$AD11),"") | I11: =_xlfn.IFNA(IF($H11<>"",MAX($AF11,$AJ11),""),"") | J11: =_xlfn.IFNA(IF($H11<>"",MAX($AG11,$AK11),""),"") | K11: =_xlfn.IFNA(IF($H11<>"",MAX($AH11,$AL11),""),"") | L11: =_xlfn.IFNA(IF($H11<>"",MAX($AI11,$AM11),""),"") | N11: Rogue | O11: Barbarian | P11: 5 | Q11: 5 | R11: 4 | S11: 1 | T11: 1 | U11: Improved Uncanny Dodge | W11: Questioner | X11: Bonded Investigator | Y11: 5 | Z11: Investigator Talent | AC11: 5 | AD11: {=IF(AND($B11="Investigator",$D11<>""),_xlfn.XLOOKUP($D11&"/"&$C11,$X$7:$X$36&"/"&$Y$7:$Y$36,$Z$7:$Z$36,""),_xlfn.XLOOKUP($B11&"/"&$C11,$O$7:$O$31&"/"&$P$7:$P$31,$U$7:$U$31,""))} | AE11: {=IF(AND($E11="Investigator",$G11<>""),_xlfn.XLOOKUP($G11&"/"&$F11,$X$7:$X$36&"/"&$Y$7:$Y$36,$Z$7:$Z$36,""),_xlfn.XLOOKUP($E11&"/"&$F11,$O$7:$O$31&"/"&$P$7:$P$31,$U$7:$U$31,""))} | AF11: {=_xlfn.XLOOKUP($B11&"/"&$C11,$O$7:$O$31&"/"&$P$7:$P$31,$Q$7:$Q$31,"")} | AG11: {=_xlfn.XLOOKUP($B11&"/"&$C11,$O$7:$O$31&"/"&$P$7:$P$31,$R$7:$R$31,"")} | AH11: {=_xlfn.XLOOKUP($B11&"/"&$C11,$O$7:$O$31&"/"&$P$7:$P$31,$S$7:$S$31,"")} | AI11: {=_xlfn.XLOOKUP($B11&"/"&$C11,$O$7:$O$31&"/"&$P$7:$P$31,$T$7:$T$31,"")} | AJ11: {=_xlfn.XLOOKUP($E11&"/"&$F11,$O$7:$O$31&"/"&$P$7:$P$31,$Q$7:$Q$31,"")} | AK11: {=_xlfn.XLOOKUP($E11&"/"&$F11,$O$7:$O$31&"/"&$P$7:$P$31,$R$7:$R$31,"")} | AL11: {=_xlfn.XLOOKUP($E11&"/"&$F11,$O$7:$O$31&"/"&$P$7:$P$31,$S$7:$S$31,"")} | AM11: {=_xlfn.XLOOKUP($E11&"/"&$F11,$O$7:$O$31&"/"&$P$7:$P$31,$T$7:$T$31,"")}
O12: Investigator | P12: 1 | Q12: 0 | R12: 0 | S12: 2 | T12: 2 | U12: Alchemy, Inspiration, Trapfinding | W12: Steel Hound | X12: Empiricist | Y12: 1 | Z12: Alchemy, Inspiration, Trapfinding
O13: Investigator | P13: 2 | Q13: 1 | R13: 0 | S13: 3 | T13: 3 | U13: Poison Lore, Poison Resistance +2 | X13: Empiricist | Y13: 2 | Z13: Ceaseless Observation
O14: Investigator | P14: 3 | Q14: 2 | R14: 1 | S14: 3 | T14: 3 | U14: Investigator Talent, Keen Recollection, Trap Sense +1 | X14: Empiricist | Y14: 3 | Z14: Investigator Talent, Keen Recollection, Trap Sense +1
O15: Investigator | P15: 4 | Q15: 3 | R15: 1 | S15: 4 | T15: 4 | U15: Studied Combat, Studied Strike +1d6, Swift Alchemy | X15: Empiricist | Y15: 4 | Z15: Studied Combat, Studied Strike +1d6, Unfailing Logic +2
O16: Investigator | P16: 5 | Q16: 3 | R16: 1 | S16: 4 | T16: 4 | U16: Investigator Talent, Poison Resistance +4 | X16: Empiricist | Y16: 5 | Z16: Investigator Talent
O17: Monk | P17: 1 | Q17: 1 | R17: 2 | S17: 2 | T17: 0 | U17: Bonus Feat, Flurry of Blows, Stunning Fist, Unarmed Strike | X17: Natural Philosopher | Y17: 1 | Z17: Alchemy, Natural Philosopher's Inspiration, Track
O18: Monk | P18: 2 | Q18: 2 | R18: 3 | S18: 3 | T18: 0 | U18: Bonus Feat, Evasion | X18: Natural Philosopher | Y18: 2 | Z18: Poison Lore, Poison Resistance +2
O19: Monk | P19: 3 | Q19: 3 | R19: 3 | S19: 3 | T19: 1 | U19: Fast Movement, Ki Pool, Ki Strike (Magic) | X19: Natural Philosopher | Y19: 3 | Z19: Herbalism, Keen Recollection
O20: Monk | P20: 4 | Q20: 4 | R20: 4 | S20: 4 | T20: 1 | U20: Ki Power, Still Mind | X20: Natural Philosopher | Y20: 4 | Z20: Studied Combat, Studied Strike +1d6, Swift Alchemy
O21: Monk | P21: 5 | Q21: 5 | R21: 4 | S21: 4 | T21: 1 | U21: Purity of Body, Style Strike (1/round) | X21: Natural Philosopher | Y21: 5 | Z21: Investigator Talent, Poison Resistance +4
O22: Ranger | P22: 1 | Q22: 1 | R22: 2 | S22: 2 | T22: 0 | U22: 1st Favored Enemy, Track, Wild Empathy | X22: Psychic Detective | Y22: 1 | Z22: Inspiration, Psychic Detective Spells, Trapfinding
O23: Ranger | P23: 2 | Q23: 2 | R23: 3 | S23: 3 | T23: 0 | U23: Combat Style Feat | X23: Psychic Detective | Y23: 2 | Z23: Psychic Meddler +1
O24: Ranger | P24: 3 | Q24: 3 | R24: 3 | S24: 3 | T24: 1 | U24: Endurance, 1st Favored Terrain | X24: Psychic Detective | Y24: 3 | Z24: Keen Recollection, Phrenic Dabbler, Trap Sense +1
... O31: Rogue | P31: 5 | Q31: 3 | R31: 1 | S31: 4 | T31: 1 | U31: Rogue's Edge, Sneak Attack +3d6 | X31: Questioner | Y31: 5 | Z31: Investigator Talent, Poison Resistance +4
X32: Steel Hound | Y32: 1 | Z32: Alchemy, Inspiration, Trapfinding
X33: Steel Hound | Y33: 2 | Z33: Packing Heat, Poison Resistance +2
X34: Steel Hound | Y34: 3 | Z34: Investigator Talent, Keen Recollection, Trap Sense +1
X35: Steel Hound | Y35: 4 | Z35: Shot in the Dark, Studied Combat, Studied Strike +1d6
X36: Steel Hound | Y36: 5 | Z36: Investigator Talent, Poison Resistance +4

Sheet 5_Boolean_Logic
B2: Class Skill | C2: Skill | F2: Legend
B3: {=_xlfn.IFNA(IF(SUMPRODUCT(--('1_Data_Integrity'!$B$3:$B$14={"Rogue"}))>0,"Yes","No"),"No")} -> No | C3: Appraise | F3: User Input
B4: {=_xlfn.IFNA(IF(SUMPRODUCT(--('1_Data_Integrity'!$B$3:$B$14={"Rogue"}))>0,"Yes","No"),"No")} -> No | C4: Balance | F4: Calculated Output
B5: {=_xlfn.IFNA(IF(SUMPRODUCT(--('1_Data_Integrity'!$B$3:$B$14={"Rogue","Wizard"}))>0,"Yes","No"),"No")} -> Yes | C5: Bluff
B6: {=_xlfn.IFNA(IF(SUMPRODUCT(--('1_Data_Integrity'!$B$3:$B$14={"Fighter","Rogue"}))>0,"Yes","No"),"No")} -> Yes | C6: Climb
B7: {=_xlfn.IFNA(IF(SUMPRODUCT(--('1_Data_Integrity'!$B$3:$B$14={"Wizard"}))>0,"Yes","No"),"No")} -> Yes | C7: Concentration
